{
  "GLOBAL_COLOR_MODE": "Global Color Mode",
  "WHITE_SCHEME": "White Gray Scheme",
  "FOLLOW_RARITY": "Follow Rarity",
  "BRIGHTNESS": "Color Brightness",
  "SATURATION": "Color Saturation",
  "THOUSANDS_SEPARATOR": "Thousands Separator",
  "SHOW_RARITY": "Show Rarity",
  "SHOW_VALUE": "Show Value",
  "SHOW_MARKET": "Show Market Price",
  "SHOW_PROPERTIES": "Show Properties",
  "SHOW_CONTAINER": "Show Container Contents",
  "SHOW_DESCRIPTION": "Show Description",
  "SHOW_DURABILITY": "Show Durability",
  "SHOW_STACK_LIMIT": "Show Stack Limit",
  "SHOW_BLACK_MARKET": "Show Black Market Info",
  "SHOW_INVENTORY_COUNT": "Show Inventory Count",
  "SHOW_EQUIPMENT_COMPARISON": "Show Weapon DPS",
  "SHOW_DISASSEMBLY_OUTPUTS": "Show Disassembly Outputs Panel",
  "SHOW_DISASSEMBLY_SOURCES": "Show Disassembly Sources Panel",
  "SHOW_QUEST_PANEL": "Show Quest Panel",
  "EDIT_FORMAT_TEMPLATE": "Edit Display Template",
  "EDIT_TEMPLATE": "Edit Template",
  "EDIT_RARITY_TAGS": "Edit Rarity Tags",
  "EDIT_TAGS": "Edit Tags",
  "RELOAD_CONFIG": "Reload Config",
  "RELOAD": "Reload",
  "CLEAR_ALL_CACHE": "Clear All Cache",
  "CLEAR": "Clear",
  "CACHE_STATS": "Cache Statistics",
  "VIEW": "View",
  "TOGGLE_QUEST_PANEL_KEY": "Toggle Quest Panel Key",
  "TOGGLE_OUTPUTS_KEY": "Toggle Outputs Key",
  "TOGGLE_SOURCES_KEY": "Toggle Sources Key",
  "TOGGLE_INVENTORY_VIEW_KEY": "Toggle Inventory View Key",
  "TOGGLE_CONTAINER_KEY": "Toggle Container Key",
  "UI_INFO_EXTRACTOR_KEY": "UI Info Extractor Key",
  "LANGUAGE": "Language",
  "OPEN_LANGUAGE_FOLDER": "Open Language Folder",
  "OPEN": "Open",
  "MAIN_PANEL_FONT_SIZE": "Main Panel Font Size",
  "INDEPENDENT_PANEL_FONT_SIZE": "Independent Panel Font Size",
  "SHOW_KEY_HINT_PANEL": "Show Key Hint Panel"
}