{
  "GLOBAL_COLOR_MODE": "全局颜色模式",
  "WHITE_SCHEME": "白灰配色",
  "FOLLOW_RARITY": "稀有度配色",
  "BRIGHTNESS": "颜色亮度",
  "SATURATION": "颜色饱和度",
  "THOUSANDS_SEPARATOR": "千分位显示",
  "SHOW_RARITY": "显示稀有度",
  "SHOW_VALUE": "显示价值",
  "SHOW_MARKET": "显示市场价",
  "SHOW_PROPERTIES": "显示属性",
  "SHOW_CONTAINER": "显示容器内容",
  "SHOW_DESCRIPTION": "显示介绍",
  "SHOW_DURABILITY": "显示耐久度",
  "SHOW_STACK_LIMIT": "显示堆叠上限",
  "SHOW_BLACK_MARKET": "显示黑市信息",
  "SHOW_INVENTORY_COUNT": "显示库存数量",
  "SHOW_EQUIPMENT_COMPARISON": "显示枪械DPS",
  "SHOW_DISASSEMBLY_OUTPUTS": "显示拆解产出面板",
  "SHOW_DISASSEMBLY_SOURCES": "显示拆解来源面板",
  "SHOW_QUEST_PANEL": "显示任务面板",
  "EDIT_FORMAT_TEMPLATE": "编辑显示模板",
  "EDIT_TEMPLATE": "编辑模板",
  "EDIT_RARITY_TAGS": "编辑稀有度标签",
  "EDIT_TAGS": "编辑标签",
  "RELOAD_CONFIG": "重载配置",
  "RELOAD": "重载",
  "CLEAR_ALL_CACHE": "清除所有缓存",
  "CLEAR": "清除",
  "CACHE_STATS": "缓存统计",
  "VIEW": "查看",
  "TOGGLE_QUEST_PANEL_KEY": "切换任务面板按键",
  "TOGGLE_OUTPUTS_KEY": "切换拆解产出按键",
  "TOGGLE_SOURCES_KEY": "切换拆解来源按键",
  "TOGGLE_INVENTORY_VIEW_KEY": "切换库存视图按键",
  "TOGGLE_CONTAINER_KEY": "切换容器详情按键",
  "UI_INFO_EXTRACTOR_KEY": "UI信息提取器按键",
  "LANGUAGE": "语言",
  "OPEN_LANGUAGE_FOLDER": "打开语言文件夹",
  "OPEN": "打开",
  "MAIN_PANEL_FONT_SIZE": "主面板文字大小",
  "INDEPENDENT_PANEL_FONT_SIZE": "独立面板文字大小",
  "SHOW_KEY_HINT_PANEL": "显示键位提示面板"
}